"2019-05-07 00:45:19.939","Method Constructor from class Client was called."
"2019-05-07 00:45:19.953","Method Constructor from class Client was called."
"2019-05-07 00:45:19.957","Method Constructor from class Client was called."
"2019-05-07 00:46:05.921","Method Constructor from class Client was called."
"2019-05-07 00:46:05.926","Method Constructor from class Client was called."
"2019-05-07 00:46:05.933","Method Constructor from class Client was called."
"2019-05-07 00:51:34.583","Method Constructor from class Client was called."
"2019-05-07 00:51:34.59","Method Constructor from class Client was called."
"2019-05-07 00:51:34.596","Method Constructor from class Client was called."
"2019-05-07 01:08:24.319","Method Constructor from class Client was called."
"2019-05-07 01:08:24.332","Method Constructor from class Client was called."
"2019-05-07 01:08:24.339","Method Constructor from class Client was called."
"2019-05-07 01:08:24.344","Method constructor from class StandardSeat was called."
"2019-05-07 01:08:24.348","Method constructor from class StandardSeat was called."
"2019-05-07 01:08:24.353","Method constructor from class StandardSeat was called."
"2019-05-07 01:08:24.358","Method constructor from class StandardSeat was called."
"2019-05-07 01:08:24.363","Method constructor from class StandardSeat was called."
"2019-05-07 01:08:24.368","Method constructor from class StandardSeat was called."
"2019-05-07 01:08:24.372","Method constructor from class StandardSeat was called."
"2019-05-07 01:08:24.378","Method constructor from class StandardSeat was called."
"2019-05-07 01:08:24.382","Method constructor from class StandardSeat was called."
"2019-05-07 01:08:24.386","Method constructor from class StandardSeat was called."
"2019-05-07 01:08:24.392","Method constructor from class StandardSeat was called."
"2019-05-07 01:08:24.397","Method constructor from class StandardSeat was called."
"2019-05-07 01:08:24.403","Method constructor from class Loge was called."
"2019-05-07 01:08:24.407","Method constructor from class Loge was called."
"2019-05-07 01:08:24.412","Method constructor from class Loge was called."
"2019-05-07 01:08:24.418","Method constructor from class Loge was called."
"2019-05-07 01:08:24.424","Method constructor from class Loge was called."
"2019-05-07 01:08:24.43","Method constructor from class Loge was called."
"2019-05-07 01:08:24.436","Method constructor from class Loge was called."
"2019-05-07 01:08:24.441","Method constructor from class Loge was called."
"2019-05-07 01:12:56.76","Method Constructor from class Client was called."
"2019-05-07 01:12:56.77","Method Constructor from class Client was called."
"2019-05-07 01:12:56.772","Method Constructor from class Client was called."
"2019-05-07 01:12:56.779","Method constructor from class StandardSeat was called."
"2019-05-07 01:12:56.78","Method constructor from class StandardSeat was called."
"2019-05-07 01:12:56.781","Method constructor from class StandardSeat was called."
"2019-05-07 01:12:56.782","Method constructor from class StandardSeat was called."
"2019-05-07 01:12:56.783","Method constructor from class StandardSeat was called."
"2019-05-07 01:12:56.784","Method constructor from class StandardSeat was called."
"2019-05-07 01:12:56.785","Method constructor from class StandardSeat was called."
"2019-05-07 01:12:56.786","Method constructor from class StandardSeat was called."
"2019-05-07 01:12:56.787","Method constructor from class StandardSeat was called."
"2019-05-07 01:12:56.788","Method constructor from class StandardSeat was called."
"2019-05-07 01:12:56.79","Method constructor from class StandardSeat was called."
"2019-05-07 01:12:56.791","Method constructor from class StandardSeat was called."
"2019-05-07 01:12:56.793","Method constructor from class Loge was called."
"2019-05-07 01:12:56.794","Method constructor from class Loge was called."
"2019-05-07 01:12:56.795","Method constructor from class Loge was called."
"2019-05-07 01:12:56.797","Method constructor from class Loge was called."
"2019-05-07 01:12:56.798","Method constructor from class Loge was called."
"2019-05-07 01:12:56.799","Method constructor from class Loge was called."
"2019-05-07 01:12:56.8","Method constructor from class Loge was called."
"2019-05-07 01:12:56.802","Method constructor from class Loge was called."
"2019-05-07 01:13:02.88","Method Constructor from class Client was called."
"2019-05-07 01:13:02.883","Method Constructor from class Client was called."
"2019-05-07 01:13:02.884","Method Constructor from class Client was called."
"2019-05-07 01:13:02.885","Method constructor from class StandardSeat was called."
"2019-05-07 01:13:02.886","Method constructor from class StandardSeat was called."
"2019-05-07 01:13:02.886","Method constructor from class StandardSeat was called."
"2019-05-07 01:13:02.887","Method constructor from class StandardSeat was called."
"2019-05-07 01:13:02.887","Method constructor from class StandardSeat was called."
"2019-05-07 01:13:02.887","Method constructor from class StandardSeat was called."
"2019-05-07 01:13:02.887","Method constructor from class StandardSeat was called."
"2019-05-07 01:13:02.888","Method constructor from class StandardSeat was called."
"2019-05-07 01:13:02.888","Method constructor from class StandardSeat was called."
"2019-05-07 01:13:02.889","Method constructor from class StandardSeat was called."
"2019-05-07 01:13:02.889","Method constructor from class StandardSeat was called."
"2019-05-07 01:13:02.889","Method constructor from class StandardSeat was called."
"2019-05-07 01:13:02.89","Method constructor from class Loge was called."
"2019-05-07 01:13:02.89","Method constructor from class Loge was called."
"2019-05-07 01:13:02.89","Method constructor from class Loge was called."
"2019-05-07 01:13:02.891","Method constructor from class Loge was called."
"2019-05-07 01:13:02.891","Method constructor from class Loge was called."
"2019-05-07 01:13:02.891","Method constructor from class Loge was called."
"2019-05-07 01:13:02.892","Method constructor from class Loge was called."
"2019-05-07 01:13:02.892","Method constructor from class Loge was called."
"2019-05-07 11:22:39.708","Method Constructor from class Client was called."
"2019-05-07 11:22:39.72","Method Constructor from class Client was called."
"2019-05-07 11:22:39.724","Method Constructor from class Client was called."
"2019-05-07 11:22:39.735","Method constructor from class StandardSeat was called."
"2019-05-07 11:22:39.74","Method constructor from class StandardSeat was called."
"2019-05-07 11:22:39.748","Method constructor from class StandardSeat was called."
"2019-05-07 11:22:39.753","Method constructor from class StandardSeat was called."
"2019-05-07 11:22:39.761","Method constructor from class StandardSeat was called."
"2019-05-07 11:22:39.767","Method constructor from class StandardSeat was called."
"2019-05-07 11:22:39.772","Method constructor from class StandardSeat was called."
"2019-05-07 11:22:39.779","Method constructor from class StandardSeat was called."
"2019-05-07 11:22:39.786","Method constructor from class StandardSeat was called."
"2019-05-07 11:22:39.791","Method constructor from class StandardSeat was called."
"2019-05-07 11:22:39.796","Method constructor from class StandardSeat was called."
"2019-05-07 11:22:39.802","Method constructor from class StandardSeat was called."
"2019-05-07 11:22:39.809","Method constructor from class Loge was called."
"2019-05-07 11:22:39.814","Method constructor from class Loge was called."
"2019-05-07 11:22:39.819","Method constructor from class Loge was called."
"2019-05-07 11:22:39.826","Method constructor from class Loge was called."
"2019-05-07 11:22:39.833","Method constructor from class Loge was called."
"2019-05-07 11:22:39.839","Method constructor from class Loge was called."
"2019-05-07 11:22:39.845","Method constructor from class Loge was called."
"2019-05-07 11:22:39.852","Method constructor from class Loge was called."
"2019-05-07 11:23:13.049","Method Constructor from class Client was called."
"2019-05-07 11:23:13.056","Method Constructor from class Client was called."
"2019-05-07 11:23:13.061","Method Constructor from class Client was called."
"2019-05-07 11:23:13.07","Method constructor from class StandardSeat was called."
"2019-05-07 11:23:13.077","Method constructor from class StandardSeat was called."
"2019-05-07 11:23:13.083","Method constructor from class StandardSeat was called."
"2019-05-07 11:23:13.093","Method constructor from class StandardSeat was called."
"2019-05-07 11:23:13.098","Method constructor from class StandardSeat was called."
"2019-05-07 11:23:13.103","Method constructor from class StandardSeat was called."
"2019-05-07 11:23:13.109","Method constructor from class StandardSeat was called."
"2019-05-07 11:23:13.115","Method constructor from class StandardSeat was called."
"2019-05-07 11:23:13.12","Method constructor from class StandardSeat was called."
"2019-05-07 11:23:13.125","Method constructor from class StandardSeat was called."
"2019-05-07 11:23:13.132","Method constructor from class StandardSeat was called."
"2019-05-07 11:23:13.137","Method constructor from class StandardSeat was called."
"2019-05-07 11:23:13.147","Method constructor from class Loge was called."
"2019-05-07 11:23:13.154","Method constructor from class Loge was called."
"2019-05-07 11:23:13.161","Method constructor from class Loge was called."
"2019-05-07 11:23:13.169","Method constructor from class Loge was called."
"2019-05-07 11:23:13.173","Method constructor from class Loge was called."
"2019-05-07 11:23:13.182","Method constructor from class Loge was called."
"2019-05-07 11:23:13.191","Method constructor from class Loge was called."
"2019-05-07 11:23:13.197","Method constructor from class Loge was called."
"2019-05-07 11:25:17.249","Method Constructor from class Client was called."
"2019-05-07 11:25:17.254","Method Constructor from class Client was called."
"2019-05-07 11:25:17.262","Method Constructor from class Client was called."
"2019-05-07 11:25:17.269","Method constructor from class StandardSeat was called."
"2019-05-07 11:25:17.276","Method constructor from class StandardSeat was called."
"2019-05-07 11:25:17.282","Method constructor from class StandardSeat was called."
"2019-05-07 11:25:17.287","Method constructor from class StandardSeat was called."
"2019-05-07 11:25:17.292","Method constructor from class StandardSeat was called."
"2019-05-07 11:25:17.296","Method constructor from class StandardSeat was called."
"2019-05-07 11:25:17.3","Method constructor from class StandardSeat was called."
"2019-05-07 11:25:17.307","Method constructor from class StandardSeat was called."
"2019-05-07 11:25:17.313","Method constructor from class StandardSeat was called."
"2019-05-07 11:25:17.318","Method constructor from class StandardSeat was called."
"2019-05-07 11:25:17.324","Method constructor from class StandardSeat was called."
"2019-05-07 11:25:17.329","Method constructor from class StandardSeat was called."
"2019-05-07 11:25:17.336","Method constructor from class Loge was called."
"2019-05-07 11:25:17.345","Method constructor from class Loge was called."
"2019-05-07 11:25:17.35","Method constructor from class Loge was called."
"2019-05-07 11:25:17.352","Method constructor from class Loge was called."
"2019-05-07 11:25:17.357","Method constructor from class Loge was called."
"2019-05-07 11:25:17.366","Method constructor from class Loge was called."
"2019-05-07 11:25:17.371","Method constructor from class Loge was called."
"2019-05-07 11:25:17.376","Method constructor from class Loge was called."
"2019-05-07 11:26:06.522","Method Constructor from class Client was called."
"2019-05-07 11:26:06.531","Method Constructor from class Client was called."
"2019-05-07 11:26:06.537","Method Constructor from class Client was called."
"2019-05-07 11:26:06.545","Method constructor from class StandardSeat was called."
"2019-05-07 11:26:06.551","Method constructor from class StandardSeat was called."
"2019-05-07 11:26:06.557","Method constructor from class StandardSeat was called."
"2019-05-07 11:26:06.563","Method constructor from class StandardSeat was called."
"2019-05-07 11:26:06.566","Method constructor from class StandardSeat was called."
"2019-05-07 11:26:06.579","Method constructor from class StandardSeat was called."
"2019-05-07 11:26:06.583","Method constructor from class StandardSeat was called."
"2019-05-07 11:26:06.593","Method constructor from class StandardSeat was called."
"2019-05-07 11:26:06.599","Method constructor from class StandardSeat was called."
"2019-05-07 11:26:06.605","Method constructor from class StandardSeat was called."
"2019-05-07 11:26:06.613","Method constructor from class StandardSeat was called."
"2019-05-07 11:26:06.619","Method constructor from class StandardSeat was called."
"2019-05-07 11:26:06.625","Method constructor from class Loge was called."
"2019-05-07 11:26:06.632","Method constructor from class Loge was called."
"2019-05-07 11:26:06.64","Method constructor from class Loge was called."
"2019-05-07 11:26:06.646","Method constructor from class Loge was called."
"2019-05-07 11:26:06.649","Method constructor from class Loge was called."
"2019-05-07 11:26:06.659","Method constructor from class Loge was called."
"2019-05-07 11:26:06.665","Method constructor from class Loge was called."
"2019-05-07 11:26:06.677","Method constructor from class Loge was called."
"2019-05-07 11:29:16.004","Method Constructor from class Client was called."
"2019-05-07 11:29:16.012","Method Constructor from class Client was called."
"2019-05-07 11:29:16.018","Method Constructor from class Client was called."
"2019-05-07 11:29:16.026","Method constructor from class StandardSeat was called."
"2019-05-07 11:29:16.033","Method constructor from class StandardSeat was called."
"2019-05-07 11:29:16.039","Method constructor from class StandardSeat was called."
"2019-05-07 11:29:16.046","Method constructor from class StandardSeat was called."
"2019-05-07 11:29:16.052","Method constructor from class StandardSeat was called."
"2019-05-07 11:29:16.058","Method constructor from class StandardSeat was called."
"2019-05-07 11:29:16.064","Method constructor from class StandardSeat was called."
"2019-05-07 11:29:16.07","Method constructor from class StandardSeat was called."
"2019-05-07 11:29:16.079","Method constructor from class StandardSeat was called."
"2019-05-07 11:29:16.087","Method constructor from class StandardSeat was called."
"2019-05-07 11:29:16.093","Method constructor from class StandardSeat was called."
"2019-05-07 11:29:16.099","Method constructor from class StandardSeat was called."
"2019-05-07 11:29:16.104","Method constructor from class Loge was called."
"2019-05-07 11:29:16.113","Method constructor from class Loge was called."
"2019-05-07 11:29:16.12","Method constructor from class Loge was called."
"2019-05-07 11:29:16.126","Method constructor from class Loge was called."
"2019-05-07 11:29:16.132","Method constructor from class Loge was called."
"2019-05-07 11:29:16.139","Method constructor from class Loge was called."
"2019-05-07 11:29:16.147","Method constructor from class Loge was called."
"2019-05-07 11:29:16.154","Method constructor from class Loge was called."
"2019-05-07 11:30:00.302","Method Constructor from class Client was called."
"2019-05-07 11:30:00.311","Method Constructor from class Client was called."
"2019-05-07 11:30:00.316","Method Constructor from class Client was called."
"2019-05-07 11:30:00.322","Method constructor from class StandardSeat was called."
"2019-05-07 11:30:00.328","Method constructor from class StandardSeat was called."
"2019-05-07 11:30:00.334","Method constructor from class StandardSeat was called."
"2019-05-07 11:30:00.341","Method constructor from class StandardSeat was called."
"2019-05-07 11:30:00.351","Method constructor from class StandardSeat was called."
"2019-05-07 11:30:00.361","Method constructor from class StandardSeat was called."
"2019-05-07 11:30:00.368","Method constructor from class StandardSeat was called."
"2019-05-07 11:30:00.375","Method constructor from class StandardSeat was called."
"2019-05-07 11:30:00.38","Method constructor from class StandardSeat was called."
"2019-05-07 11:30:00.389","Method constructor from class StandardSeat was called."
"2019-05-07 11:30:00.397","Method constructor from class StandardSeat was called."
"2019-05-07 11:30:00.404","Method constructor from class StandardSeat was called."
"2019-05-07 11:30:00.412","Method constructor from class Loge was called."
"2019-05-07 11:30:00.419","Method constructor from class Loge was called."
"2019-05-07 11:30:00.425","Method constructor from class Loge was called."
"2019-05-07 11:30:00.433","Method constructor from class Loge was called."
"2019-05-07 11:30:00.437","Method constructor from class Loge was called."
"2019-05-07 11:30:00.447","Method constructor from class Loge was called."
"2019-05-07 11:30:00.45","Method constructor from class Loge was called."
"2019-05-07 11:30:00.461","Method constructor from class Loge was called."
"2019-05-07 12:12:13.992","Method Constructor from class Client was called."
"2019-05-07 12:12:13.998","Method Constructor from class Client was called."
"2019-05-07 12:12:14.004","Method Constructor from class Client was called."
"2019-05-07 12:12:14.01","Method constructor from class StandardSeat was called."
"2019-05-07 12:12:14.018","Method constructor from class StandardSeat was called."
"2019-05-07 12:12:14.024","Method constructor from class StandardSeat was called."
"2019-05-07 12:12:14.03","Method constructor from class StandardSeat was called."
"2019-05-07 12:12:14.035","Method constructor from class StandardSeat was called."
"2019-05-07 12:12:14.04","Method constructor from class StandardSeat was called."
"2019-05-07 12:12:14.047","Method constructor from class StandardSeat was called."
"2019-05-07 12:12:14.053","Method constructor from class StandardSeat was called."
"2019-05-07 12:12:14.058","Method constructor from class StandardSeat was called."
"2019-05-07 12:12:14.064","Method constructor from class StandardSeat was called."
"2019-05-07 12:12:14.068","Method constructor from class StandardSeat was called."
"2019-05-07 12:12:14.074","Method constructor from class StandardSeat was called."
"2019-05-07 12:12:14.078","Method constructor from class Loge was called."
"2019-05-07 12:12:14.079","Method constructor from class Loge was called."
"2019-05-07 12:12:14.09","Method constructor from class Loge was called."
"2019-05-07 12:12:14.096","Method constructor from class Loge was called."
"2019-05-07 12:12:14.1","Method constructor from class Loge was called."
"2019-05-07 12:12:14.107","Method constructor from class Loge was called."
"2019-05-07 12:12:14.112","Method constructor from class Loge was called."
"2019-05-07 12:12:14.114","Method constructor from class Loge was called."
"2019-05-07 12:12:14.137","Method isClient from class AdminService was called."
"2019-05-07 12:12:14.143","Method login from class ClientServiceImpl was called."
"2019-05-07 12:13:37.942","Method Constructor from class Client was called."
"2019-05-07 12:13:37.949","Method Constructor from class Client was called."
"2019-05-07 12:13:37.954","Method Constructor from class Client was called."
"2019-05-07 12:13:37.961","Method constructor from class StandardSeat was called."
"2019-05-07 12:13:37.966","Method constructor from class StandardSeat was called."
"2019-05-07 12:13:37.97","Method constructor from class StandardSeat was called."
"2019-05-07 12:13:37.976","Method constructor from class StandardSeat was called."
"2019-05-07 12:13:37.982","Method constructor from class StandardSeat was called."
"2019-05-07 12:13:37.988","Method constructor from class StandardSeat was called."
"2019-05-07 12:13:37.993","Method constructor from class StandardSeat was called."
"2019-05-07 12:13:38.001","Method constructor from class StandardSeat was called."
"2019-05-07 12:13:38.005","Method constructor from class StandardSeat was called."
"2019-05-07 12:13:38.011","Method constructor from class StandardSeat was called."
"2019-05-07 12:13:38.017","Method constructor from class StandardSeat was called."
"2019-05-07 12:13:38.024","Method constructor from class StandardSeat was called."
"2019-05-07 12:13:38.03","Method constructor from class Loge was called."
"2019-05-07 12:13:38.036","Method constructor from class Loge was called."
"2019-05-07 12:13:38.042","Method constructor from class Loge was called."
"2019-05-07 12:13:38.047","Method constructor from class Loge was called."
"2019-05-07 12:13:38.053","Method constructor from class Loge was called."
"2019-05-07 12:13:38.059","Method constructor from class Loge was called."
"2019-05-07 12:13:38.064","Method constructor from class Loge was called."
"2019-05-07 12:13:38.066","Method constructor from class Loge was called."
"2019-05-07 12:13:38.106","Method isClient from class AdminService was called."
"2019-05-07 12:13:38.115","Method login from class ClientServiceImpl was called."
"2019-05-07 12:23:57.701","Method Constructor from class Client was called."
"2019-05-07 12:23:57.709","Method Constructor from class Client was called."
"2019-05-07 12:23:57.715","Method Constructor from class Client was called."
"2019-05-07 12:23:57.721","Method constructor from class StandardSeat was called."
"2019-05-07 12:23:57.727","Method constructor from class StandardSeat was called."
"2019-05-07 12:23:57.733","Method constructor from class StandardSeat was called."
"2019-05-07 12:23:57.739","Method constructor from class StandardSeat was called."
"2019-05-07 12:23:57.747","Method constructor from class StandardSeat was called."
"2019-05-07 12:23:57.748","Method constructor from class StandardSeat was called."
"2019-05-07 12:23:57.757","Method constructor from class StandardSeat was called."
"2019-05-07 12:23:57.763","Method constructor from class StandardSeat was called."
"2019-05-07 12:23:57.768","Method constructor from class StandardSeat was called."
"2019-05-07 12:23:57.776","Method constructor from class StandardSeat was called."
"2019-05-07 12:23:57.781","Method constructor from class StandardSeat was called."
"2019-05-07 12:23:57.788","Method constructor from class StandardSeat was called."
"2019-05-07 12:23:57.794","Method constructor from class Loge was called."
"2019-05-07 12:23:57.801","Method constructor from class Loge was called."
"2019-05-07 12:23:57.807","Method constructor from class Loge was called."
"2019-05-07 12:23:57.814","Method constructor from class Loge was called."
"2019-05-07 12:23:57.824","Method constructor from class Loge was called."
"2019-05-07 12:23:57.825","Method constructor from class Loge was called."
"2019-05-07 12:23:57.839","Method constructor from class Loge was called."
"2019-05-07 12:23:57.846","Method constructor from class Loge was called."
"2019-05-07 12:23:57.878","Method isClient from class AdminService was called."
"2019-05-07 12:23:57.888","Method login from class ClientServiceImpl was called."
"2019-05-07 12:23:57.898","Method makeReservation from class AdminService was called."
"2019-05-07 12:23:57.905","Method isClient from class AdminService was called."
"2019-05-07 12:23:57.917","Method login from class ClientServiceImpl was called."
"2019-05-07 12:27:43.479","Method Constructor from class Client was called."
"2019-05-07 12:27:43.487","Method Constructor from class Client was called."
"2019-05-07 12:27:43.49","Method Constructor from class Client was called."
"2019-05-07 12:27:43.498","Method constructor from class StandardSeat was called."
"2019-05-07 12:27:43.503","Method constructor from class StandardSeat was called."
"2019-05-07 12:27:43.508","Method constructor from class StandardSeat was called."
"2019-05-07 12:27:43.51","Method constructor from class StandardSeat was called."
"2019-05-07 12:27:43.518","Method constructor from class StandardSeat was called."
"2019-05-07 12:27:43.523","Method constructor from class StandardSeat was called."
"2019-05-07 12:27:43.528","Method constructor from class StandardSeat was called."
"2019-05-07 12:27:43.529","Method constructor from class StandardSeat was called."
"2019-05-07 12:27:43.537","Method constructor from class StandardSeat was called."
"2019-05-07 12:27:43.539","Method constructor from class StandardSeat was called."
"2019-05-07 12:27:43.546","Method constructor from class StandardSeat was called."
"2019-05-07 12:27:43.548","Method constructor from class StandardSeat was called."
"2019-05-07 12:27:43.557","Method constructor from class Loge was called."
"2019-05-07 12:27:43.562","Method constructor from class Loge was called."
"2019-05-07 12:27:43.567","Method constructor from class Loge was called."
"2019-05-07 12:27:43.569","Method constructor from class Loge was called."
"2019-05-07 12:27:43.578","Method constructor from class Loge was called."
"2019-05-07 12:27:43.582","Method constructor from class Loge was called."
"2019-05-07 12:27:43.588","Method constructor from class Loge was called."
"2019-05-07 12:27:43.59","Method constructor from class Loge was called."
"2019-05-07 12:27:43.64","Method isClient from class AdminService was called."
"2019-05-07 12:27:43.647","Method login from class ClientServiceImpl was called."
"2019-05-07 12:27:43.65","Method makeReservation from class AdminService was called."
"2019-05-07 12:27:53.326","Method isClient from class AdminService was called."
"2019-05-07 12:27:53.338","Method login from class ClientServiceImpl was called."
"2019-05-07 12:28:22.22","Method Constructor from class Client was called."
"2019-05-07 12:28:22.23","Method Constructor from class Client was called."
"2019-05-07 12:28:22.235","Method Constructor from class Client was called."
"2019-05-07 12:28:22.245","Method constructor from class StandardSeat was called."
"2019-05-07 12:28:22.252","Method constructor from class StandardSeat was called."
"2019-05-07 12:28:22.259","Method constructor from class StandardSeat was called."
"2019-05-07 12:28:22.266","Method constructor from class StandardSeat was called."
"2019-05-07 12:28:22.273","Method constructor from class StandardSeat was called."
"2019-05-07 12:28:22.282","Method constructor from class StandardSeat was called."
"2019-05-07 12:28:22.289","Method constructor from class StandardSeat was called."
"2019-05-07 12:28:22.295","Method constructor from class StandardSeat was called."
"2019-05-07 12:28:22.301","Method constructor from class StandardSeat was called."
"2019-05-07 12:28:22.306","Method constructor from class StandardSeat was called."
"2019-05-07 12:28:22.312","Method constructor from class StandardSeat was called."
"2019-05-07 12:28:22.32","Method constructor from class StandardSeat was called."
"2019-05-07 12:28:22.326","Method constructor from class Loge was called."
"2019-05-07 12:28:22.334","Method constructor from class Loge was called."
"2019-05-07 12:28:22.34","Method constructor from class Loge was called."
"2019-05-07 12:28:22.344","Method constructor from class Loge was called."
"2019-05-07 12:28:22.352","Method constructor from class Loge was called."
"2019-05-07 12:28:22.356","Method constructor from class Loge was called."
"2019-05-07 12:28:22.365","Method constructor from class Loge was called."
"2019-05-07 12:28:22.37","Method constructor from class Loge was called."
"2019-05-07 12:28:22.405","Method isClient from class AdminService was called."
"2019-05-07 12:28:22.415","Method login from class ClientServiceImpl was called."
"2019-05-07 12:28:22.422","Method makeReservation from class AdminService was called."
"2019-05-07 12:28:25.382","Method isClient from class AdminService was called."
"2019-05-07 12:28:25.396","Method login from class ClientServiceImpl was called."
"2019-05-07 12:29:54.422","Method Constructor from class Client was called."
"2019-05-07 12:29:54.43","Method Constructor from class Client was called."
"2019-05-07 12:29:54.435","Method Constructor from class Client was called."
"2019-05-07 12:29:54.441","Method constructor from class StandardSeat was called."
"2019-05-07 12:29:54.447","Method constructor from class StandardSeat was called."
"2019-05-07 12:29:54.452","Method constructor from class StandardSeat was called."
"2019-05-07 12:29:54.458","Method constructor from class StandardSeat was called."
"2019-05-07 12:29:54.466","Method constructor from class StandardSeat was called."
"2019-05-07 12:29:54.471","Method constructor from class StandardSeat was called."
"2019-05-07 12:29:54.476","Method constructor from class StandardSeat was called."
"2019-05-07 12:29:54.48","Method constructor from class StandardSeat was called."
"2019-05-07 12:29:54.485","Method constructor from class StandardSeat was called."
"2019-05-07 12:29:54.49","Method constructor from class StandardSeat was called."
"2019-05-07 12:29:54.495","Method constructor from class StandardSeat was called."
"2019-05-07 12:29:54.501","Method constructor from class StandardSeat was called."
"2019-05-07 12:29:54.505","Method constructor from class Loge was called."
"2019-05-07 12:29:54.51","Method constructor from class Loge was called."
"2019-05-07 12:29:54.516","Method constructor from class Loge was called."
"2019-05-07 12:29:54.52","Method constructor from class Loge was called."
"2019-05-07 12:29:54.527","Method constructor from class Loge was called."
"2019-05-07 12:29:54.532","Method constructor from class Loge was called."
"2019-05-07 12:29:54.538","Method constructor from class Loge was called."
"2019-05-07 12:29:54.543","Method constructor from class Loge was called."
"2019-05-07 12:29:54.571","Method isClient from class AdminService was called."
"2019-05-07 12:29:54.578","Method login from class ClientServiceImpl was called."
"2019-05-07 12:29:54.585","Method makeReservation from class AdminService was called."
"2019-05-07 12:29:54.592","Method isClient from class AdminService was called."
"2019-05-07 12:29:54.598","Method login from class ClientServiceImpl was called."
"2019-05-07 12:32:44.395","Method Constructor from class Client was called."
"2019-05-07 12:32:44.404","Method Constructor from class Client was called."
"2019-05-07 12:32:44.41","Method Constructor from class Client was called."
"2019-05-07 12:32:44.417","Method constructor from class StandardSeat was called."
"2019-05-07 12:32:44.422","Method constructor from class StandardSeat was called."
"2019-05-07 12:32:44.429","Method constructor from class StandardSeat was called."
"2019-05-07 12:32:44.435","Method constructor from class StandardSeat was called."
"2019-05-07 12:32:44.441","Method constructor from class StandardSeat was called."
"2019-05-07 12:32:44.449","Method constructor from class StandardSeat was called."
"2019-05-07 12:32:44.455","Method constructor from class StandardSeat was called."
"2019-05-07 12:32:44.463","Method constructor from class StandardSeat was called."
"2019-05-07 12:32:44.471","Method constructor from class StandardSeat was called."
"2019-05-07 12:32:44.476","Method constructor from class StandardSeat was called."
"2019-05-07 12:32:44.485","Method constructor from class StandardSeat was called."
"2019-05-07 12:32:44.493","Method constructor from class StandardSeat was called."
"2019-05-07 12:32:44.501","Method constructor from class Loge was called."
"2019-05-07 12:32:44.509","Method constructor from class Loge was called."
"2019-05-07 12:32:44.516","Method constructor from class Loge was called."
"2019-05-07 12:32:44.528","Method constructor from class Loge was called."
"2019-05-07 12:32:44.535","Method constructor from class Loge was called."
"2019-05-07 12:32:44.543","Method constructor from class Loge was called."
"2019-05-07 12:32:44.546","Method constructor from class Loge was called."
"2019-05-07 12:32:44.546","Method constructor from class Loge was called."
"2019-05-07 12:32:44.593","Method isClient from class AdminService was called."
"2019-05-07 12:32:44.604","Method login from class ClientServiceImpl was called."
"2019-05-07 12:32:44.614","Method makeReservation from class AdminService was called."
"2019-05-07 12:32:44.623","Method isClient from class AdminService was called."
"2019-05-07 12:32:44.632","Method login from class ClientServiceImpl was called."
"2019-05-07 12:33:09.307","Method Constructor from class Client was called."
"2019-05-07 12:33:09.318","Method Constructor from class Client was called."
"2019-05-07 12:33:09.325","Method Constructor from class Client was called."
"2019-05-07 12:33:09.332","Method constructor from class StandardSeat was called."
"2019-05-07 12:33:09.337","Method constructor from class StandardSeat was called."
"2019-05-07 12:33:09.342","Method constructor from class StandardSeat was called."
"2019-05-07 12:33:09.348","Method constructor from class StandardSeat was called."
"2019-05-07 12:33:09.353","Method constructor from class StandardSeat was called."
"2019-05-07 12:33:09.359","Method constructor from class StandardSeat was called."
"2019-05-07 12:33:09.366","Method constructor from class StandardSeat was called."
"2019-05-07 12:33:09.37","Method constructor from class StandardSeat was called."
"2019-05-07 12:33:09.376","Method constructor from class StandardSeat was called."
"2019-05-07 12:33:09.381","Method constructor from class StandardSeat was called."
"2019-05-07 12:33:09.389","Method constructor from class StandardSeat was called."
"2019-05-07 12:33:09.394","Method constructor from class StandardSeat was called."
"2019-05-07 12:33:09.4","Method constructor from class Loge was called."
"2019-05-07 12:33:09.407","Method constructor from class Loge was called."
"2019-05-07 12:33:09.412","Method constructor from class Loge was called."
"2019-05-07 12:33:09.414","Method constructor from class Loge was called."
"2019-05-07 12:33:09.426","Method constructor from class Loge was called."
"2019-05-07 12:33:09.43","Method constructor from class Loge was called."
"2019-05-07 12:33:09.444","Method constructor from class Loge was called."
"2019-05-07 12:33:09.447","Method constructor from class Loge was called."
"2019-05-07 12:33:22.252","Method isClient from class AdminService was called."
"2019-05-07 12:33:22.264","Method login from class ClientServiceImpl was called."
"2019-05-07 12:33:22.267","Method makeReservation from class AdminService was called."
"2019-05-07 12:33:27.716","Method isClient from class AdminService was called."
"2019-05-07 12:33:27.73","Method login from class ClientServiceImpl was called."
"2019-05-07 12:34:09.219","Method Constructor from class Client was called."
"2019-05-07 12:34:09.228","Method Constructor from class Client was called."
"2019-05-07 12:34:09.236","Method Constructor from class Client was called."
"2019-05-07 12:34:09.244","Method constructor from class StandardSeat was called."
"2019-05-07 12:34:09.252","Method constructor from class StandardSeat was called."
"2019-05-07 12:34:09.26","Method constructor from class StandardSeat was called."
"2019-05-07 12:34:09.267","Method constructor from class StandardSeat was called."
"2019-05-07 12:34:09.274","Method constructor from class StandardSeat was called."
"2019-05-07 12:34:09.28","Method constructor from class StandardSeat was called."
"2019-05-07 12:34:09.287","Method constructor from class StandardSeat was called."
"2019-05-07 12:34:09.295","Method constructor from class StandardSeat was called."
"2019-05-07 12:34:09.303","Method constructor from class StandardSeat was called."
"2019-05-07 12:34:09.311","Method constructor from class StandardSeat was called."
"2019-05-07 12:34:09.313","Method constructor from class StandardSeat was called."
"2019-05-07 12:34:09.325","Method constructor from class StandardSeat was called."
"2019-05-07 12:34:09.332","Method constructor from class Loge was called."
"2019-05-07 12:34:09.339","Method constructor from class Loge was called."
"2019-05-07 12:34:09.344","Method constructor from class Loge was called."
"2019-05-07 12:34:09.354","Method constructor from class Loge was called."
"2019-05-07 12:34:09.356","Method constructor from class Loge was called."
"2019-05-07 12:34:09.369","Method constructor from class Loge was called."
"2019-05-07 12:34:09.376","Method constructor from class Loge was called."
"2019-05-07 12:34:09.382","Method constructor from class Loge was called."
"2019-05-07 12:34:09.415","Method isClient from class AdminService was called."
"2019-05-07 12:34:09.424","Method login from class ClientServiceImpl was called."
"2019-05-07 12:34:09.432","Method makeReservation from class AdminService was called."
"2019-05-07 12:34:09.44","Method isClient from class AdminService was called."
"2019-05-07 12:34:09.449","Method login from class ClientServiceImpl was called."
"2019-05-07 18:12:39.941","Method Constructor from class Client was called."
"2019-05-07 18:12:39.941","Method Constructor from class Client was called."
"2019-05-07 18:12:39.959","Method Constructor from class Client was called."
"2019-05-07 18:12:39.965","Method constructor from class StandardSeat was called."
"2019-05-07 18:12:39.969","Method constructor from class StandardSeat was called."
"2019-05-07 18:12:39.974","Method constructor from class StandardSeat was called."
"2019-05-07 18:12:39.979","Method constructor from class StandardSeat was called."
"2019-05-07 18:12:39.986","Method constructor from class StandardSeat was called."
"2019-05-07 18:12:39.988","Method constructor from class StandardSeat was called."
"2019-05-07 18:12:39.988","Method constructor from class StandardSeat was called."
"2019-05-07 18:12:39.988","Method constructor from class StandardSeat was called."
"2019-05-07 18:12:40.003","Method constructor from class StandardSeat was called."
"2019-05-07 18:12:40.003","Method constructor from class StandardSeat was called."
"2019-05-07 18:12:40.003","Method constructor from class StandardSeat was called."
"2019-05-07 18:12:40.003","Method constructor from class StandardSeat was called."
"2019-05-07 18:12:40.019","Method constructor from class Loge was called."
"2019-05-07 18:12:40.019","Method constructor from class Loge was called."
"2019-05-07 18:12:40.019","Method constructor from class Loge was called."
"2019-05-07 18:12:40.019","Method constructor from class Loge was called."
"2019-05-07 18:12:40.034","Method constructor from class Loge was called."
"2019-05-07 18:12:40.04","Method constructor from class Loge was called."
"2019-05-07 18:12:40.04","Method constructor from class Loge was called."
"2019-05-07 18:12:40.04","Method constructor from class Loge was called."
"2019-05-07 18:12:40.072","Method isClient from class AdminService was called."
"2019-05-07 18:12:40.072","Method login from class ClientServiceImpl was called."
"2019-05-07 18:12:40.087","Method makeReservation from class AdminService was called."
"2019-05-07 18:12:40.087","Method isClient from class AdminService was called."
"2019-05-07 18:12:40.087","Method login from class ClientServiceImpl was called."
